Date	Year	Month	HomeTeam	AwayTeam	Matches	FTResult	HTResult	FTHomeGoals	FTAwayGoals	HTHomeGoals	HTAwayGoals	HomeWins	HomeLosses	AwayWins	AwayLosses	Draws
18/08/12	2012	08	Arsenal	Sunderland	1	D	D	0	0	0	0	0	0	0	0	1
18/08/12	2012	08	Fulham	Norwich	1	H	H	5	0	2	0	1	0	0	1	0
18/08/12	2012	08	Newcastle	Tottenham	1	H	D	2	1	0	0	1	0	0	1	0
18/08/12	2012	08	QPR	Swansea	1	A	A	0	5	0	1	0	1	1	0	0
18/08/12	2012	08	Reading	Stoke	1	D	A	1	1	0	1	0	0	0	0	1
18/08/12	2012	08	West Brom	Liverpool	1	H	H	3	0	1	0	1	0	0	1	0
18/08/12	2012	08	West Ham	Aston Villa	1	H	H	1	0	1	0	1	0	0	1	0
19/08/12	2012	08	Man City	Southampton	1	H	H	3	2	1	0	1	0	0	1	0
19/08/12	2012	08	Wigan	Chelsea	1	A	A	0	2	0	2	0	1	1	0	0
20/08/12	2012	08	Everton	Man United	1	H	D	1	0	0	0	1	0	0	1	0
22/08/12	2012	08	Chelsea	Reading	1	H	A	4	2	1	2	1	0	0	1	0
25/08/12	2012	08	Aston Villa	Everton	1	A	A	1	3	0	3	0	1	1	0	0
25/08/12	2012	08	Chelsea	Newcastle	1	H	H	2	0	2	0	1	0	0	1	0
25/08/12	2012	08	Man United	Fulham	1	H	H	3	2	3	1	1	0	0	1	0
25/08/12	2012	08	Norwich	QPR	1	D	D	1	1	1	1	0	0	0	0	1
25/08/12	2012	08	Southampton	Wigan	1	A	D	0	2	0	0	0	1	1	0	0
25/08/12	2012	08	Swansea	West Ham	1	H	H	3	0	2	0	1	0	0	1	0
25/08/12	2012	08	Tottenham	West Brom	1	D	D	1	1	0	0	0	0	0	0	1
26/08/12	2012	08	Liverpool	Man City	1	D	H	2	2	1	0	0	0	0	0	1
26/08/12	2012	08	Stoke	Arsenal	1	D	D	0	0	0	0	0	0	0	0	1
01/09/12	2012	09	Man City	QPR	1	H	H	3	1	1	0	1	0	0	1	0
01/09/12	2012	09	Swansea	Sunderland	1	D	A	2	2	1	2	0	0	0	0	1
01/09/12	2012	09	Tottenham	Norwich	1	D	D	1	1	0	0	0	0	0	0	1
01/09/12	2012	09	West Brom	Everton	1	H	D	2	0	0	0	1	0	0	1	0
01/09/12	2012	09	West Ham	Fulham	1	H	H	3	0	3	0	1	0	0	1	0
01/09/12	2012	09	Wigan	Stoke	1	D	D	2	2	1	1	0	0	0	0	1
02/09/12	2012	09	Liverpool	Arsenal	1	A	A	0	2	0	1	0	1	1	0	0
02/09/12	2012	09	Newcastle	Aston Villa	1	D	A	1	1	0	1	0	0	0	0	1
02/09/12	2012	09	Southampton	Man United	1	A	D	2	3	1	1	0	1	1	0	0
15/09/12	2012	09	Arsenal	Southampton	1	H	H	6	1	4	1	1	0	0	1	0
15/09/12	2012	09	Aston Villa	Swansea	1	H	H	2	0	1	0	1	0	0	1	0
15/09/12	2012	09	Fulham	West Brom	1	H	H	3	0	2	0	1	0	0	1	0
15/09/12	2012	09	Man United	Wigan	1	H	D	4	0	0	0	1	0	0	1	0
15/09/12	2012	09	Norwich	West Ham	1	D	D	0	0	0	0	0	0	0	0	1
15/09/12	2012	09	QPR	Chelsea	1	D	D	0	0	0	0	0	0	0	0	1
15/09/12	2012	09	Stoke	Man City	1	D	D	1	1	1	1	0	0	0	0	1
15/09/12	2012	09	Sunderland	Liverpool	1	D	H	1	1	1	0	0	0	0	0	1
16/09/12	2012	09	Reading	Tottenham	1	A	A	1	3	0	1	0	1	1	0	0
17/09/12	2012	09	Everton	Newcastle	1	D	H	2	2	1	0	0	0	0	0	1
22/09/12	2012	09	Chelsea	Stoke	1	H	D	1	0	0	0	1	0	0	1	0
22/09/12	2012	09	Southampton	Aston Villa	1	H	A	4	1	0	1	1	0	0	1	0
22/09/12	2012	09	Swansea	Everton	1	A	A	0	3	0	2	0	1	1	0	0
22/09/12	2012	09	West Brom	Reading	1	H	D	1	0	0	0	1	0	0	1	0
22/09/12	2012	09	West Ham	Sunderland	1	D	A	1	1	0	1	0	0	0	0	1
22/09/12	2012	09	Wigan	Fulham	1	A	A	1	2	0	1	0	1	1	0	0
23/09/12	2012	09	Liverpool	Man United	1	A	D	1	2	0	0	0	1	1	0	0
23/09/12	2012	09	Man City	Arsenal	1	D	H	1	1	1	0	0	0	0	0	1
23/09/12	2012	09	Newcastle	Norwich	1	H	H	1	0	1	0	1	0	0	1	0
23/09/12	2012	09	Tottenham	QPR	1	H	A	2	1	0	1	1	0	0	1	0
29/09/12	2012	09	Arsenal	Chelsea	1	A	D	1	2	1	1	0	1	1	0	0
29/09/12	2012	09	Everton	Southampton	1	H	H	3	1	3	1	1	0	0	1	0
29/09/12	2012	09	Fulham	Man City	1	A	D	1	2	1	1	0	1	1	0	0
29/09/12	2012	09	Man United	Tottenham	1	A	A	2	3	0	2	0	1	1	0	0
29/09/12	2012	09	Norwich	Liverpool	1	A	A	2	5	0	2	0	1	1	0	0
29/09/12	2012	09	Reading	Newcastle	1	D	D	2	2	0	0	0	0	0	0	1
29/09/12	2012	09	Stoke	Swansea	1	H	H	2	0	2	0	1	0	0	1	0
29/09/12	2012	09	Sunderland	Wigan	1	H	D	1	0	0	0	1	0	0	1	0
30/09/12	2012	09	Aston Villa	West Brom	1	D	D	1	1	0	0	0	0	0	0	1
01/10/12	2012	10	QPR	West Ham	1	A	A	1	2	0	2	0	1	1	0	0
06/10/12	2012	10	Chelsea	Norwich	1	H	H	4	1	3	1	1	0	0	1	0
06/10/12	2012	10	Man City	Sunderland	1	H	H	3	0	1	0	1	0	0	1	0
06/10/12	2012	10	Swansea	Reading	1	D	A	2	2	0	2	0	0	0	0	1
06/10/12	2012	10	West Brom	QPR	1	H	H	3	2	2	1	1	0	0	1	0
06/10/12	2012	10	West Ham	Arsenal	1	A	D	1	3	1	1	0	1	1	0	0
06/10/12	2012	10	Wigan	Everton	1	D	H	2	2	2	1	0	0	0	0	1
07/10/12	2012	10	Liverpool	Stoke	1	D	D	0	0	0	0	0	0	0	0	1
07/10/12	2012	10	Newcastle	Man United	1	A	A	0	3	0	2	0	1	1	0	0
07/10/12	2012	10	Southampton	Fulham	1	D	H	2	2	1	0	0	0	0	0	1
07/10/12	2012	10	Tottenham	Aston Villa	1	H	D	2	0	0	0	1	0	0	1	0
20/10/12	2012	10	Fulham	Aston Villa	1	H	D	1	0	0	0	1	0	0	1	0
20/10/12	2012	10	Liverpool	Reading	1	H	H	1	0	1	0	1	0	0	1	0
20/10/12	2012	10	Man United	Stoke	1	H	H	4	2	2	1	1	0	0	1	0
20/10/12	2012	10	Norwich	Arsenal	1	H	H	1	0	1	0	1	0	0	1	0
20/10/12	2012	10	Swansea	Wigan	1	H	D	2	1	0	0	1	0	0	1	0
20/10/12	2012	10	Tottenham	Chelsea	1	A	A	2	4	0	1	0	1	1	0	0
20/10/12	2012	10	West Brom	Man City	1	A	D	1	2	0	0	0	1	1	0	0
20/10/12	2012	10	West Ham	Southampton	1	H	D	4	1	0	0	1	0	0	1	0
21/10/12	2012	10	QPR	Everton	1	D	D	1	1	1	1	0	0	0	0	1
21/10/12	2012	10	Sunderland	Newcastle	1	D	A	1	1	0	1	0	0	0	0	1
27/10/12	2012	10	Arsenal	QPR	1	H	D	1	0	0	0	1	0	0	1	0
27/10/12	2012	10	Aston Villa	Norwich	1	D	H	1	1	1	0	0	0	0	0	1
27/10/12	2012	10	Man City	Swansea	1	H	D	1	0	0	0	1	0	0	1	0
27/10/12	2012	10	Reading	Fulham	1	D	H	3	3	1	0	0	0	0	0	1
27/10/12	2012	10	Stoke	Sunderland	1	D	D	0	0	0	0	0	0	0	0	1
27/10/12	2012	10	Wigan	West Ham	1	H	H	2	1	1	0	1	0	0	1	0
28/10/12	2012	10	Chelsea	Man United	1	A	A	2	3	1	2	0	1	1	0	0
28/10/12	2012	10	Everton	Liverpool	1	D	D	2	2	2	2	0	0	0	0	1
28/10/12	2012	10	Newcastle	West Brom	1	H	H	2	1	1	0	1	0	0	1	0
28/10/12	2012	10	Southampton	Tottenham	1	A	A	1	2	0	2	0	1	1	0	0
03/11/12	2012	11	Fulham	Everton	1	D	H	2	2	1	0	0	0	0	0	1
03/11/12	2012	11	Man United	Arsenal	1	H	H	2	1	1	0	1	0	0	1	0
03/11/12	2012	11	Norwich	Stoke	1	H	H	1	0	1	0	1	0	0	1	0
03/11/12	2012	11	Sunderland	Aston Villa	1	A	D	0	1	0	0	0	1	1	0	0
03/11/12	2012	11	Swansea	Chelsea	1	D	D	1	1	0	0	0	0	0	0	1
03/11/12	2012	11	Tottenham	Wigan	1	A	D	0	1	0	0	0	1	1	0	0
03/11/12	2012	11	West Ham	Man City	1	D	D	0	0	0	0	0	0	0	0	1
04/11/12	2012	11	Liverpool	Newcastle	1	D	A	1	1	0	1	0	0	0	0	1
04/11/12	2012	11	QPR	Reading	1	D	A	1	1	0	1	0	0	0	0	1
05/11/12	2012	11	West Brom	Southampton	1	H	H	2	0	1	0	1	0	0	1	0
10/11/12	2012	11	Arsenal	Fulham	1	D	D	3	3	2	2	0	0	0	0	1
10/11/12	2012	11	Aston Villa	Man United	1	A	H	2	3	1	0	0	1	1	0	0
10/11/12	2012	11	Everton	Sunderland	1	H	A	2	1	0	1	1	0	0	1	0
10/11/12	2012	11	Reading	Norwich	1	D	D	0	0	0	0	0	0	0	0	1
10/11/12	2012	11	Southampton	Swansea	1	D	D	1	1	0	0	0	0	0	0	1
10/11/12	2012	11	Stoke	QPR	1	H	D	1	0	0	0	1	0	0	1	0
10/11/12	2012	11	Wigan	West Brom	1	A	A	1	2	1	2	0	1	1	0	0
11/11/12	2012	11	Chelsea	Liverpool	1	D	H	1	1	1	0	0	0	0	0	1
11/11/12	2012	11	Man City	Tottenham	1	H	A	2	1	0	1	1	0	0	1	0
11/11/12	2012	11	Newcastle	West Ham	1	A	A	0	1	0	1	0	1	1	0	0
17/11/12	2012	11	Arsenal	Tottenham	1	H	H	5	2	3	1	1	0	0	1	0
17/11/12	2012	11	Liverpool	Wigan	1	H	D	3	0	0	0	1	0	0	1	0
17/11/12	2012	11	Man City	Aston Villa	1	H	H	5	0	1	0	1	0	0	1	0
17/11/12	2012	11	Newcastle	Swansea	1	A	D	1	2	0	0	0	1	1	0	0
17/11/12	2012	11	Norwich	Man United	1	H	D	1	0	0	0	1	0	0	1	0
17/11/12	2012	11	QPR	Southampton	1	A	A	1	3	0	2	0	1	1	0	0
17/11/12	2012	11	Reading	Everton	1	H	A	2	1	0	1	1	0	0	1	0
17/11/12	2012	11	West Brom	Chelsea	1	H	D	2	1	1	1	1	0	0	1	0
18/11/12	2012	11	Fulham	Sunderland	1	A	D	1	3	0	0	0	1	1	0	0
19/11/12	2012	11	West Ham	Stoke	1	D	A	1	1	0	1	0	0	0	0	1
24/11/12	2012	11	Aston Villa	Arsenal	1	D	D	0	0	0	0	0	0	0	0	1
24/11/12	2012	11	Everton	Norwich	1	D	H	1	1	1	0	0	0	0	0	1
24/11/12	2012	11	Man United	QPR	1	H	D	3	1	0	0	1	0	0	1	0
24/11/12	2012	11	Stoke	Fulham	1	H	H	1	0	1	0	1	0	0	1	0
24/11/12	2012	11	Sunderland	West Brom	1	A	A	2	4	0	2	0	1	1	0	0
24/11/12	2012	11	Wigan	Reading	1	H	A	3	2	0	1	1	0	0	1	0
25/11/12	2012	11	Chelsea	Man City	1	D	D	0	0	0	0	0	0	0	0	1
25/11/12	2012	11	Southampton	Newcastle	1	H	H	2	0	1	0	1	0	0	1	0
25/11/12	2012	11	Swansea	Liverpool	1	D	D	0	0	0	0	0	0	0	0	1
25/11/12	2012	11	Tottenham	West Ham	1	H	H	3	1	1	0	1	0	0	1	0
27/11/12	2012	11	Aston Villa	Reading	1	H	D	1	0	0	0	1	0	0	1	0
27/11/12	2012	11	Sunderland	QPR	1	D	D	0	0	0	0	0	0	0	0	1
28/11/12	2012	11	Chelsea	Fulham	1	D	D	0	0	0	0	0	0	0	0	1
28/11/12	2012	11	Everton	Arsenal	1	D	D	1	1	1	1	0	0	0	0	1
28/11/12	2012	11	Man United	West Ham	1	H	H	1	0	1	0	1	0	0	1	0
28/11/12	2012	11	Southampton	Norwich	1	D	D	1	1	1	1	0	0	0	0	1
28/11/12	2012	11	Stoke	Newcastle	1	H	D	2	1	0	0	1	0	0	1	0
28/11/12	2012	11	Swansea	West Brom	1	H	H	3	1	3	1	1	0	0	1	0
28/11/12	2012	11	Tottenham	Liverpool	1	H	H	2	1	2	0	1	0	0	1	0
28/11/12	2012	11	Wigan	Man City	1	A	D	0	2	0	0	0	1	1	0	0
01/12/12	2012	12	Arsenal	Swansea	1	A	D	0	2	0	0	0	1	1	0	0
01/12/12	2012	12	Fulham	Tottenham	1	A	D	0	3	0	0	0	1	1	0	0
01/12/12	2012	12	Liverpool	Southampton	1	H	H	1	0	1	0	1	0	0	1	0
01/12/12	2012	12	Man City	Everton	1	D	D	1	1	1	1	0	0	0	0	1
01/12/12	2012	12	QPR	Aston Villa	1	D	D	1	1	1	1	0	0	0	0	1
01/12/12	2012	12	Reading	Man United	1	A	A	3	4	3	4	0	1	1	0	0
01/12/12	2012	12	West Brom	Stoke	1	A	D	0	1	0	0	0	1	1	0	0
01/12/12	2012	12	West Ham	Chelsea	1	H	A	3	1	0	1	1	0	0	1	0
02/12/12	2012	12	Norwich	Sunderland	1	H	H	2	1	2	1	1	0	0	1	0
03/12/12	2012	12	Newcastle	Wigan	1	H	H	3	0	2	0	1	0	0	1	0
08/12/12	2012	12	Arsenal	West Brom	1	H	H	2	0	1	0	1	0	0	1	0
08/12/12	2012	12	Aston Villa	Stoke	1	D	D	0	0	0	0	0	0	0	0	1
08/12/12	2012	12	Southampton	Reading	1	H	D	1	0	0	0	1	0	0	1	0
08/12/12	2012	12	Sunderland	Chelsea	1	A	A	1	3	0	2	0	1	1	0	0
08/12/12	2012	12	Swansea	Norwich	1	A	A	3	4	0	3	0	1	1	0	0
08/12/12	2012	12	Wigan	QPR	1	D	D	2	2	1	1	0	0	0	0	1
09/12/12	2012	12	Everton	Tottenham	1	H	D	2	1	0	0	1	0	0	1	0
09/12/12	2012	12	Man City	Man United	1	A	A	2	3	0	2	0	1	1	0	0
09/12/12	2012	12	West Ham	Liverpool	1	A	H	2	3	2	1	0	1	1	0	0
10/12/12	2012	12	Fulham	Newcastle	1	H	H	2	1	1	0	1	0	0	1	0
11/12/12	2012	12	Sunderland	Reading	1	H	H	3	0	2	0	1	0	0	1	0
15/12/12	2012	12	Liverpool	Aston Villa	1	A	A	1	3	0	2	0	1	1	0	0
15/12/12	2012	12	Man United	Sunderland	1	H	H	3	1	2	0	1	0	0	1	0
15/12/12	2012	12	Newcastle	Man City	1	A	A	1	3	0	2	0	1	1	0	0
15/12/12	2012	12	Norwich	Wigan	1	H	H	2	1	1	0	1	0	0	1	0
15/12/12	2012	12	QPR	Fulham	1	H	D	2	1	0	0	1	0	0	1	0
15/12/12	2012	12	Stoke	Everton	1	D	A	1	1	0	1	0	0	0	0	1
16/12/12	2012	12	Tottenham	Swansea	1	H	D	1	0	0	0	1	0	0	1	0
16/12/12	2012	12	West Brom	West Ham	1	D	D	0	0	0	0	0	0	0	0	1
17/12/12	2012	12	Reading	Arsenal	1	A	A	2	5	0	3	0	1	1	0	0
22/12/12	2012	12	Liverpool	Fulham	1	H	H	4	0	2	0	1	0	0	1	0
22/12/12	2012	12	Man City	Reading	1	H	D	1	0	0	0	1	0	0	1	0
22/12/12	2012	12	Newcastle	QPR	1	H	D	1	0	0	0	1	0	0	1	0
22/12/12	2012	12	Southampton	Sunderland	1	A	A	0	1	0	1	0	1	1	0	0
22/12/12	2012	12	Tottenham	Stoke	1	D	D	0	0	0	0	0	0	0	0	1
22/12/12	2012	12	West Brom	Norwich	1	H	D	2	1	1	1	1	0	0	1	0
22/12/12	2012	12	West Ham	Everton	1	A	H	1	2	1	0	0	1	1	0	0
22/12/12	2012	12	Wigan	Arsenal	1	A	D	0	1	0	0	0	1	1	0	0
23/12/12	2012	12	Chelsea	Aston Villa	1	H	H	8	0	3	0	1	0	0	1	0
23/12/12	2012	12	Swansea	Man United	1	D	D	1	1	1	1	0	0	0	0	1
26/12/12	2012	12	Aston Villa	Tottenham	1	A	D	0	4	0	0	0	1	1	0	0
26/12/12	2012	12	Everton	Wigan	1	H	D	2	1	0	0	1	0	0	1	0
26/12/12	2012	12	Fulham	Southampton	1	D	H	1	1	1	0	0	0	0	0	1
26/12/12	2012	12	Man United	Newcastle	1	H	A	4	3	1	2	1	0	0	1	0
26/12/12	2012	12	Norwich	Chelsea	1	A	A	0	1	0	1	0	1	1	0	0
26/12/12	2012	12	QPR	West Brom	1	A	A	1	2	0	1	0	1	1	0	0
26/12/12	2012	12	Reading	Swansea	1	D	D	0	0	0	0	0	0	0	0	1
26/12/12	2012	12	Stoke	Liverpool	1	H	H	3	1	2	1	1	0	0	1	0
26/12/12	2012	12	Sunderland	Man City	1	H	D	1	0	0	0	1	0	0	1	0
29/12/12	2012	12	Arsenal	Newcastle	1	H	D	7	3	1	1	1	0	0	1	0
29/12/12	2012	12	Aston Villa	Wigan	1	A	A	0	3	0	1	0	1	1	0	0
29/12/12	2012	12	Fulham	Swansea	1	A	A	1	2	0	1	0	1	1	0	0
29/12/12	2012	12	Man United	West Brom	1	H	H	2	0	1	0	1	0	0	1	0
29/12/12	2012	12	Norwich	Man City	1	A	A	3	4	1	2	0	1	1	0	0
29/12/12	2012	12	Reading	West Ham	1	H	H	1	0	1	0	1	0	0	1	0
29/12/12	2012	12	Stoke	Southampton	1	D	A	3	3	1	3	0	0	0	0	1
29/12/12	2012	12	Sunderland	Tottenham	1	A	H	1	2	1	0	0	1	1	0	0
30/12/12	2012	12	Everton	Chelsea	1	A	D	1	2	1	1	0	1	1	0	0
30/12/12	2012	12	QPR	Liverpool	1	A	A	0	3	0	3	0	1	1	0	0
01/01/13	2013	01	Man City	Stoke	1	H	H	3	0	1	0	1	0	0	1	0
01/01/13	2013	01	Southampton	Arsenal	1	D	D	1	1	1	1	0	0	0	0	1
01/01/13	2013	01	Swansea	Aston Villa	1	D	D	2	2	1	1	0	0	0	0	1
01/01/13	2013	01	Tottenham	Reading	1	H	D	3	1	1	1	1	0	0	1	0
01/01/13	2013	01	West Brom	Fulham	1	A	A	1	2	0	1	0	1	1	0	0
01/01/13	2013	01	West Ham	Norwich	1	H	H	2	1	2	0	1	0	0	1	0
01/01/13	2013	01	Wigan	Man United	1	A	A	0	4	0	2	0	1	1	0	0
02/01/13	2013	01	Chelsea	QPR	1	A	D	0	1	0	0	0	1	1	0	0
02/01/13	2013	01	Liverpool	Sunderland	1	H	H	3	0	2	0	1	0	0	1	0
02/01/13	2013	01	Newcastle	Everton	1	A	D	1	2	1	1	0	1	1	0	0
12/01/13	2013	01	Aston Villa	Southampton	1	A	A	0	1	0	1	0	1	1	0	0
12/01/13	2013	01	Everton	Swansea	1	D	D	0	0	0	0	0	0	0	0	1
12/01/13	2013	01	Fulham	Wigan	1	D	H	1	1	1	0	0	0	0	0	1
12/01/13	2013	01	Norwich	Newcastle	1	D	D	0	0	0	0	0	0	0	0	1
12/01/13	2013	01	QPR	Tottenham	1	D	D	0	0	0	0	0	0	0	0	1
12/01/13	2013	01	Reading	West Brom	1	H	A	3	2	0	1	1	0	0	1	0
12/01/13	2013	01	Stoke	Chelsea	1	A	A	0	4	0	1	0	1	1	0	0
12/01/13	2013	01	Sunderland	West Ham	1	H	H	3	0	1	0	1	0	0	1	0
13/01/13	2013	01	Arsenal	Man City	1	A	A	0	2	0	2	0	1	1	0	0
13/01/13	2013	01	Man United	Liverpool	1	H	H	2	1	1	0	1	0	0	1	0
16/01/13	2013	01	Chelsea	Southampton	1	D	H	2	2	2	0	0	0	0	0	1
19/01/13	2013	01	Liverpool	Norwich	1	H	H	5	0	2	0	1	0	0	1	0
19/01/13	2013	01	Man City	Fulham	1	H	H	2	0	1	0	1	0	0	1	0
19/01/13	2013	01	Newcastle	Reading	1	A	H	1	2	1	0	0	1	1	0	0
19/01/13	2013	01	Swansea	Stoke	1	H	D	3	1	0	0	1	0	0	1	0
19/01/13	2013	01	West Brom	Aston Villa	1	D	A	2	2	0	2	0	0	0	0	1
19/01/13	2013	01	West Ham	QPR	1	D	A	1	1	0	1	0	0	0	0	1
19/01/13	2013	01	Wigan	Sunderland	1	A	A	2	3	1	3	0	1	1	0	0
20/01/13	2013	01	Chelsea	Arsenal	1	H	H	2	1	2	0	1	0	0	1	0
20/01/13	2013	01	Tottenham	Man United	1	D	A	1	1	0	1	0	0	0	0	1
21/01/13	2013	01	Southampton	Everton	1	D	D	0	0	0	0	0	0	0	0	1
23/01/13	2013	01	Arsenal	West Ham	1	H	D	5	1	1	1	1	0	0	1	0
29/01/13	2013	01	Aston Villa	Newcastle	1	A	A	1	2	0	2	0	1	1	0	0
29/01/13	2013	01	QPR	Man City	1	D	D	0	0	0	0	0	0	0	0	1
29/01/13	2013	01	Stoke	Wigan	1	D	H	2	2	1	0	0	0	0	0	1
29/01/13	2013	01	Sunderland	Swansea	1	D	D	0	0	0	0	0	0	0	0	1
30/01/13	2013	01	Arsenal	Liverpool	1	D	A	2	2	0	1	0	0	0	0	1
30/01/13	2013	01	Everton	West Brom	1	H	H	2	1	2	0	1	0	0	1	0
30/01/13	2013	01	Fulham	West Ham	1	H	H	3	1	1	0	1	0	0	1	0
30/01/13	2013	01	Man United	Southampton	1	H	H	2	1	2	1	1	0	0	1	0
30/01/13	2013	01	Norwich	Tottenham	1	D	H	1	1	1	0	0	0	0	0	1
30/01/13	2013	01	Reading	Chelsea	1	D	A	2	2	0	1	0	0	0	0	1
02/02/13	2013	02	Arsenal	Stoke	1	H	D	1	0	0	0	1	0	0	1	0
02/02/13	2013	02	Everton	Aston Villa	1	D	A	3	3	1	2	0	0	0	0	1
02/02/13	2013	02	Fulham	Man United	1	A	D	0	1	0	0	0	1	1	0	0
02/02/13	2013	02	Newcastle	Chelsea	1	H	H	3	2	1	0	1	0	0	1	0
02/02/13	2013	02	QPR	Norwich	1	D	D	0	0	0	0	0	0	0	0	1
02/02/13	2013	02	Reading	Sunderland	1	H	D	2	1	1	1	1	0	0	1	0
02/02/13	2013	02	West Ham	Swansea	1	H	D	1	0	0	0	1	0	0	1	0
02/02/13	2013	02	Wigan	Southampton	1	D	H	2	2	1	0	0	0	0	0	1
03/02/13	2013	02	Man City	Liverpool	1	D	D	2	2	1	1	0	0	0	0	1
03/02/13	2013	02	West Brom	Tottenham	1	A	D	0	1	0	0	0	1	1	0	0
09/02/13	2013	02	Chelsea	Wigan	1	H	H	4	1	1	0	1	0	0	1	0
09/02/13	2013	02	Norwich	Fulham	1	D	D	0	0	0	0	0	0	0	0	1
09/02/13	2013	02	Southampton	Man City	1	H	H	3	1	2	1	1	0	0	1	0
09/02/13	2013	02	Stoke	Reading	1	H	D	2	1	0	0	1	0	0	1	0
09/02/13	2013	02	Sunderland	Arsenal	1	A	A	0	1	0	1	0	1	1	0	0
09/02/13	2013	02	Swansea	QPR	1	H	H	4	1	2	0	1	0	0	1	0
09/02/13	2013	02	Tottenham	Newcastle	1	H	D	2	1	1	1	1	0	0	1	0
10/02/13	2013	02	Aston Villa	West Ham	1	H	D	2	1	0	0	1	0	0	1	0
10/02/13	2013	02	Man United	Everton	1	H	H	2	0	2	0	1	0	0	1	0
11/02/13	2013	02	Liverpool	West Brom	1	A	D	0	2	0	0	0	1	1	0	0
17/02/13	2013	02	Liverpool	Swansea	1	H	H	5	0	1	0	1	0	0	1	0
23/02/13	2013	02	Arsenal	Aston Villa	1	H	H	2	1	1	0	1	0	0	1	0
23/02/13	2013	02	Fulham	Stoke	1	H	H	1	0	1	0	1	0	0	1	0
23/02/13	2013	02	Norwich	Everton	1	H	A	2	1	0	1	1	0	0	1	0
23/02/13	2013	02	QPR	Man United	1	A	A	0	2	0	1	0	1	1	0	0
23/02/13	2013	02	Reading	Wigan	1	A	A	0	3	0	2	0	1	1	0	0
23/02/13	2013	02	West Brom	Sunderland	1	H	H	2	1	1	0	1	0	0	1	0
24/02/13	2013	02	Man City	Chelsea	1	H	D	2	0	0	0	1	0	0	1	0
24/02/13	2013	02	Newcastle	Southampton	1	H	H	4	2	2	1	1	0	0	1	0
25/02/13	2013	02	West Ham	Tottenham	1	A	D	2	3	1	1	0	1	1	0	0
02/03/13	2013	03	Chelsea	West Brom	1	H	H	1	0	1	0	1	0	0	1	0
02/03/13	2013	03	Everton	Reading	1	H	H	3	1	1	0	1	0	0	1	0
02/03/13	2013	03	Man United	Norwich	1	H	H	4	0	1	0	1	0	0	1	0
02/03/13	2013	03	Southampton	QPR	1	A	D	1	2	1	1	0	1	1	0	0
02/03/13	2013	03	Stoke	West Ham	1	A	A	0	1	0	1	0	1	1	0	0
02/03/13	2013	03	Sunderland	Fulham	1	D	A	2	2	1	2	0	0	0	0	1
02/03/13	2013	03	Swansea	Newcastle	1	H	D	1	0	0	0	1	0	0	1	0
02/03/13	2013	03	Wigan	Liverpool	1	A	A	0	4	0	3	0	1	1	0	0
03/03/13	2013	03	Tottenham	Arsenal	1	H	H	2	1	2	0	1	0	0	1	0
04/03/13	2013	03	Aston Villa	Man City	1	A	A	0	1	0	1	0	1	1	0	0
09/03/13	2013	03	Norwich	Southampton	1	D	D	0	0	0	0	0	0	0	0	1
09/03/13	2013	03	QPR	Sunderland	1	H	D	3	1	1	1	1	0	0	1	0
09/03/13	2013	03	Reading	Aston Villa	1	A	A	1	2	1	2	0	1	1	0	0
09/03/13	2013	03	West Brom	Swansea	1	H	D	2	1	1	1	1	0	0	1	0
10/03/13	2013	03	Liverpool	Tottenham	1	H	D	3	2	1	1	1	0	0	1	0
10/03/13	2013	03	Newcastle	Stoke	1	H	D	2	1	0	0	1	0	0	1	0
16/03/13	2013	03	Aston Villa	QPR	1	H	D	3	2	1	1	1	0	0	1	0
16/03/13	2013	03	Everton	Man City	1	H	H	2	0	1	0	1	0	0	1	0
16/03/13	2013	03	Man United	Reading	1	H	H	1	0	1	0	1	0	0	1	0
16/03/13	2013	03	Southampton	Liverpool	1	H	H	3	1	2	1	1	0	0	1	0
16/03/13	2013	03	Stoke	West Brom	1	D	D	0	0	0	0	0	0	0	0	1
16/03/13	2013	03	Swansea	Arsenal	1	A	D	0	2	0	0	0	1	1	0	0
17/03/13	2013	03	Chelsea	West Ham	1	H	H	2	0	1	0	1	0	0	1	0
17/03/13	2013	03	Sunderland	Norwich	1	D	D	1	1	1	1	0	0	0	0	1
17/03/13	2013	03	Tottenham	Fulham	1	A	D	0	1	0	0	0	1	1	0	0
17/03/13	2013	03	Wigan	Newcastle	1	H	H	2	1	1	0	1	0	0	1	0
30/03/13	2013	03	Arsenal	Reading	1	H	H	4	1	1	0	1	0	0	1	0
30/03/13	2013	03	Everton	Stoke	1	H	H	1	0	1	0	1	0	0	1	0
30/03/13	2013	03	Man City	Newcastle	1	H	H	4	0	2	0	1	0	0	1	0
30/03/13	2013	03	Southampton	Chelsea	1	H	H	2	1	2	1	1	0	0	1	0
30/03/13	2013	03	Sunderland	Man United	1	A	A	0	1	0	1	0	1	1	0	0
30/03/13	2013	03	Swansea	Tottenham	1	A	A	1	2	0	2	0	1	1	0	0
30/03/13	2013	03	West Ham	West Brom	1	H	H	3	1	2	0	1	0	0	1	0
30/03/13	2013	03	Wigan	Norwich	1	H	D	1	0	0	0	1	0	0	1	0
31/03/13	2013	03	Aston Villa	Liverpool	1	A	H	1	2	1	0	0	1	1	0	0
01/04/13	2013	04	Fulham	QPR	1	H	H	3	2	3	1	1	0	0	1	0
06/04/13	2013	04	Norwich	Swansea	1	D	D	2	2	1	1	0	0	0	0	1
06/04/13	2013	04	Reading	Southampton	1	A	A	0	2	0	1	0	1	1	0	0
06/04/13	2013	04	Stoke	Aston Villa	1	A	A	1	3	0	1	0	1	1	0	0
06/04/13	2013	04	West Brom	Arsenal	1	A	A	1	2	0	1	0	1	1	0	0
07/04/13	2013	04	Chelsea	Sunderland	1	H	A	2	1	0	1	1	0	0	1	0
07/04/13	2013	04	Liverpool	West Ham	1	D	D	0	0	0	0	0	0	0	0	1
07/04/13	2013	04	Newcastle	Fulham	1	H	D	1	0	0	0	1	0	0	1	0
07/04/13	2013	04	QPR	Wigan	1	D	D	1	1	0	0	0	0	0	0	1
07/04/13	2013	04	Tottenham	Everton	1	D	D	2	2	1	1	0	0	0	0	1
08/04/13	2013	04	Man United	Man City	1	A	D	1	2	0	0	0	1	1	0	0
13/04/13	2013	04	Arsenal	Norwich	1	H	D	3	1	0	0	1	0	0	1	0
13/04/13	2013	04	Aston Villa	Fulham	1	D	D	1	1	0	0	0	0	0	0	1
13/04/13	2013	04	Everton	QPR	1	H	H	2	0	1	0	1	0	0	1	0
13/04/13	2013	04	Reading	Liverpool	1	D	D	0	0	0	0	0	0	0	0	1
13/04/13	2013	04	Southampton	West Ham	1	D	D	1	1	0	0	0	0	0	0	1
14/04/13	2013	04	Newcastle	Sunderland	1	A	A	0	3	0	1	0	1	1	0	0
14/04/13	2013	04	Stoke	Man United	1	A	A	0	2	0	1	0	1	1	0	0
16/04/13	2013	04	Arsenal	Everton	1	D	D	0	0	0	0	0	0	0	0	1
17/04/13	2013	04	Fulham	Chelsea	1	A	A	0	3	0	3	0	1	1	0	0
17/04/13	2013	04	Man City	Wigan	1	H	D	1	0	0	0	1	0	0	1	0
17/04/13	2013	04	West Ham	Man United	1	D	D	2	2	1	1	0	0	0	0	1
20/04/13	2013	04	Fulham	Arsenal	1	A	A	0	1	0	1	0	1	1	0	0
20/04/13	2013	04	Norwich	Reading	1	H	D	2	1	0	0	1	0	0	1	0
20/04/13	2013	04	QPR	Stoke	1	A	A	0	2	0	1	0	1	1	0	0
20/04/13	2013	04	Sunderland	Everton	1	H	H	1	0	1	0	1	0	0	1	0
20/04/13	2013	04	Swansea	Southampton	1	D	D	0	0	0	0	0	0	0	0	1
20/04/13	2013	04	West Brom	Newcastle	1	D	A	1	1	0	1	0	0	0	0	1
20/04/13	2013	04	West Ham	Wigan	1	H	H	2	0	1	0	1	0	0	1	0
21/04/13	2013	04	Liverpool	Chelsea	1	D	A	2	2	0	1	0	0	0	0	1
21/04/13	2013	04	Tottenham	Man City	1	H	A	3	1	0	1	1	0	0	1	0
22/04/13	2013	04	Man United	Aston Villa	1	H	H	3	0	3	0	1	0	0	1	0
27/04/13	2013	04	Everton	Fulham	1	H	H	1	0	1	0	1	0	0	1	0
27/04/13	2013	04	Man City	West Ham	1	H	H	2	1	1	0	1	0	0	1	0
27/04/13	2013	04	Newcastle	Liverpool	1	A	A	0	6	0	2	0	1	1	0	0
27/04/13	2013	04	Southampton	West Brom	1	A	A	0	3	0	1	0	1	1	0	0
27/04/13	2013	04	Stoke	Norwich	1	H	D	1	0	0	0	1	0	0	1	0
27/04/13	2013	04	Wigan	Tottenham	1	D	D	2	2	1	1	0	0	0	0	1
28/04/13	2013	04	Arsenal	Man United	1	D	D	1	1	1	1	0	0	0	0	1
28/04/13	2013	04	Chelsea	Swansea	1	H	H	2	0	2	0	1	0	0	1	0
28/04/13	2013	04	Reading	QPR	1	D	D	0	0	0	0	0	0	0	0	1
29/04/13	2013	04	Aston Villa	Sunderland	1	H	H	6	1	2	1	1	0	0	1	0
04/05/13	2013	05	Fulham	Reading	1	A	A	2	4	0	1	0	1	1	0	0
04/05/13	2013	05	Norwich	Aston Villa	1	A	D	1	2	0	0	0	1	1	0	0
04/05/13	2013	05	QPR	Arsenal	1	A	A	0	1	0	1	0	1	1	0	0
04/05/13	2013	05	Swansea	Man City	1	D	D	0	0	0	0	0	0	0	0	1
04/05/13	2013	05	Tottenham	Southampton	1	H	D	1	0	0	0	1	0	0	1	0
04/05/13	2013	05	West Brom	Wigan	1	A	D	2	3	1	1	0	1	1	0	0
04/05/13	2013	05	West Ham	Newcastle	1	D	D	0	0	0	0	0	0	0	0	1
05/05/13	2013	05	Liverpool	Everton	1	D	D	0	0	0	0	0	0	0	0	1
05/05/13	2013	05	Man United	Chelsea	1	A	D	0	1	0	0	0	1	1	0	0
06/05/13	2013	05	Sunderland	Stoke	1	D	A	1	1	0	1	0	0	0	0	1
07/05/13	2013	05	Man City	West Brom	1	H	H	1	0	1	0	1	0	0	1	0
07/05/13	2013	05	Wigan	Swansea	1	A	H	2	3	1	0	0	1	1	0	0
08/05/13	2013	05	Chelsea	Tottenham	1	D	H	2	2	2	1	0	0	0	0	1
11/05/13	2013	05	Aston Villa	Chelsea	1	A	H	1	2	1	0	0	1	1	0	0
12/05/13	2013	05	Everton	West Ham	1	H	H	2	0	1	0	1	0	0	1	0
12/05/13	2013	05	Fulham	Liverpool	1	A	D	1	3	1	1	0	1	1	0	0
12/05/13	2013	05	Man United	Swansea	1	H	H	2	1	1	0	1	0	0	1	0
12/05/13	2013	05	Norwich	West Brom	1	H	H	4	0	1	0	1	0	0	1	0
12/05/13	2013	05	QPR	Newcastle	1	A	A	1	2	1	2	0	1	1	0	0
12/05/13	2013	05	Stoke	Tottenham	1	A	D	1	2	1	1	0	1	1	0	0
12/05/13	2013	05	Sunderland	Southampton	1	D	D	1	1	0	0	0	0	0	0	1
14/05/13	2013	05	Arsenal	Wigan	1	H	D	4	1	1	1	1	0	0	1	0
14/05/13	2013	05	Reading	Man City	1	A	A	0	2	0	1	0	1	1	0	0
19/05/13	2013	05	Chelsea	Everton	1	H	D	2	1	1	1	1	0	0	1	0
19/05/13	2013	05	Liverpool	QPR	1	H	H	1	0	1	0	1	0	0	1	0
19/05/13	2013	05	Man City	Norwich	1	A	D	2	3	1	1	0	1	1	0	0
19/05/13	2013	05	Newcastle	Arsenal	1	A	D	0	1	0	0	0	1	1	0	0
19/05/13	2013	05	Southampton	Stoke	1	D	D	1	1	0	0	0	0	0	0	1
19/05/13	2013	05	Swansea	Fulham	1	A	A	0	3	0	1	0	1	1	0	0
19/05/13	2013	05	Tottenham	Sunderland	1	H	D	1	0	0	0	1	0	0	1	0
19/05/13	2013	05	West Brom	Man United	1	D	A	5	5	1	3	0	0	0	0	1
19/05/13	2013	05	West Ham	Reading	1	H	H	4	2	2	0	1	0	0	1	0
19/05/13	2013	05	Wigan	Aston Villa	1	D	H	2	2	2	1	0	0	0	0	1